token_name,blockchain,aum,daily_yield_pct,date
BUIDL-I,ethereum,"964,402,374.89",0.000095758,2026-08-07
BUIDL,solana,"712,215,216.68",0.000094935,2026-08-07
BUIDL,avalanche,"631,330,340.00",0.000094942,2026-08-07
BUIDL,ethereum,"224,907,312.84",0.000086719,2026-08-07
BUIDL,bnb,"110,840,112.98",0.000095486,2026-08-07
BUIDL,optimism,"26,346,022.24",0.000086722,2026-08-07
BUIDL,tempo,"17,013,008.33",0.000094934,2026-08-07
BUIDL,aptos,"16,158,427.34",0.000094941,2026-08-07
BUIDL,polygon,"13,465,964.74",0.000094939,2026-08-07
BUIDL,arbitrum,"8,536,423.06",0.000086741,2026-08-07
BUIDL-I,ethereum,"964,309,730.46",0.000096177,2026-08-06
BUIDL,solana,"697,094,946.88",0.000095354,2026-08-06
BUIDL,avalanche,"631,270,141.44",0.000095361,2026-08-06
BUIDL,ethereum,"224,887,716.58",0.000087138,2026-08-06
BUIDL,bnb,"110,829,383.89",0.000095905,2026-08-06
BUIDL,optimism,"26,343,726.65",0.000087140,2026-08-06
BUIDL,arbitrum,"21,784,306.85",0.000087143,2026-08-06
BUIDL,tempo,"17,011,386.24",0.000095353,2026-08-06
BUIDL,aptos,"16,156,886.62",0.000095360,2026-08-06
BUIDL,polygon,"13,464,680.76",0.000095359,2026-08-06
BUIDL-I,ethereum,"964,216,626.66",0.000096559,2026-08-05
BUIDL,solana,"685,509,326.96",0.000095736,2026-08-05
BUIDL,avalanche,"631,209,707.53",0.000095743,2026-08-05
BUIDL,ethereum,"224,868,036.14",0.000087520,2026-08-05
BUIDL,bnb,"110,818,713.38",0.000096288,2026-08-05
BUIDL,optimism,"26,341,421.17",0.000087523,2026-08-05
BUIDL,arbitrum,"24,282,181.55",0.000087525,2026-08-05
BUIDL,tempo,"17,009,757.81",0.000095735,2026-08-05
BUIDL,aptos,"16,155,339.88",0.000095742,2026-08-05
BUIDL,polygon,"13,463,391.76",0.000095741,2026-08-05
BUIDL-I,ethereum,"964,123,531.86",0.000096559,2026-08-04
BUIDL,solana,"676,494,654.04",0.000095736,2026-08-04
BUIDL,avalanche,"631,149,279.39",0.000095743,2026-08-04
BUIDL,ethereum,"224,848,357.43",0.000087520,2026-08-04
BUIDL,bnb,"110,808,044.01",0.000096287,2026-08-04
BUIDL,optimism,"26,339,115.92",0.000087522,2026-08-04
BUIDL,arbitrum,"24,530,034.56",0.000087525,2026-08-04
BUIDL,tempo,"17,008,129.55",0.000095734,2026-08-04
BUIDL,aptos,"16,153,793.28",0.000095742,2026-08-04
BUIDL,polygon,"13,462,102.87",0.000095741,2026-08-04
BUIDL-I,ethereum,"964,030,692.81",0.000096303,2026-08-03
BUIDL,solana,"675,658,597.16",0.000095480,2026-08-03
BUIDL,avalanche,"631,089,018.60",0.000095487,2026-08-03
BUIDL,ethereum,"224,928,729.27",0.000087264,2026-08-03
BUIDL,bnb,"110,797,403.91",0.000096032,2026-08-03
BUIDL,optimism,"26,336,817.58",0.000087267,2026-08-03
BUIDL,arbitrum,"24,527,894.04",0.000087269,2026-08-03
BUIDL,tempo,"17,006,505.80",0.000095478,2026-08-03
BUIDL,aptos,"16,152,250.97",0.000095486,2026-08-03
BUIDL,polygon,"13,460,817.56",0.000095485,2026-08-03
BUIDL-I,ethereum,"963,751,533.51",0.000096553,2026-08-02
BUIDL,solana,"674,960,402.29",0.000095729,2026-08-02
BUIDL,avalanche,"630,907,816.19",0.000095736,2026-08-02
BUIDL,ethereum,"224,869,691.46",0.000087514,2026-08-02
BUIDL,bnb,"110,765,410.11",0.000096281,2026-08-02
BUIDL,optimism,"26,329,904.71",0.000087516,2026-08-02
BUIDL,arbitrum,"24,521,455.83",0.000087518,2026-08-02
BUIDL,tempo,"17,001,623.19",0.000095728,2026-08-02
BUIDL,aptos,"16,147,613.26",0.000095736,2026-08-02
BUIDL,polygon,"13,456,952.68",0.000095734,2026-08-02
BUIDL-I,ethereum,"963,751,533.51",0.000096553,2026-08-01
BUIDL,solana,"674,960,402.29",0.000095729,2026-08-01
BUIDL,avalanche,"630,907,816.19",0.000095736,2026-08-01
BUIDL,ethereum,"224,869,691.46",0.000087514,2026-08-01
BUIDL,bnb,"110,765,410.11",0.000096281,2026-08-01
BUIDL,optimism,"26,329,904.71",0.000087516,2026-08-01
BUIDL,arbitrum,"24,521,455.83",0.000087518,2026-08-01
BUIDL,tempo,"17,001,623.19",0.000095728,2026-08-01
BUIDL,aptos,"16,147,613.26",0.000095736,2026-08-01
BUIDL,polygon,"13,456,952.68",0.000095734,2026-08-01
BUIDL-I,ethereum,"963,751,533.51",0.000096553,2026-07-31
BUIDL,solana,"674,960,402.29",0.000095729,2026-07-31
BUIDL,avalanche,"630,907,816.19",0.000095737,2026-07-31
BUIDL,ethereum,"224,869,691.46",0.000087514,2026-07-31
BUIDL,bnb,"110,765,410.11",0.000096281,2026-07-31
BUIDL,optimism,"26,329,904.71",0.000087516,2026-07-31
BUIDL,arbitrum,"24,521,455.83",0.000087518,2026-07-31
BUIDL,tempo,"17,001,623.19",0.000095729,2026-07-31
BUIDL,aptos,"16,147,613.26",0.000095735,2026-07-31
BUIDL,polygon,"13,456,952.68",0.000095735,2026-07-31
BUIDL-I,ethereum,"963,658,726.43",0.000096307,2026-07-30
BUIDL,solana,"653,899,181.38",0.000095484,2026-07-30
BUIDL,avalanche,"634,047,260.38",0.000095491,2026-07-30
BUIDL,ethereum,"224,850,079.26",0.000087268,2026-07-30
BUIDL,bnb,"110,754,773.78",0.000096035,2026-07-30
BUIDL,optimism,"26,327,607.10",0.000087270,2026-07-30
BUIDL,arbitrum,"24,519,315.98",0.000087272,2026-07-30
BUIDL,tempo,"17,000,000.00",0.000095482,2026-07-30
BUIDL,aptos,"16,146,071.47",0.000095490,2026-07-30
BUIDL,polygon,"13,455,667.81",0.000095489,2026-07-30
BUIDL-I,ethereum,"963,565,694.16",0.000096550,2026-07-29
BUIDL,solana,"653,511,206.71",0.000095727,2026-07-29
BUIDL,avalanche,"633,986,566.31",0.000095734,2026-07-29
BUIDL,ethereum,"224,830,404.13",0.000087511,2026-07-29
BUIDL,bnb,"110,744,111.45",0.000096279,2026-07-29
BUIDL,optimism,"26,325,303.27",0.000087514,2026-07-29
BUIDL,arbitrum,"24,517,170.34",0.000087516,2026-07-29
BUIDL,aptos,"16,144,525.91",0.000095733,2026-07-29
BUIDL,polygon,"13,454,379.79",0.000095732,2026-07-29
BUIDL,tempo,0.00,,2026-07-29
BUIDL-I,ethereum,"963,472,667.02",0.000096554,2026-07-28
BUIDL,solana,"653,448,555.68",0.000095731,2026-07-28
BUIDL,avalanche,"633,925,875.51",0.000095738,2026-07-28
BUIDL,ethereum,"194,813,355.02",0.000087515,2026-07-28
BUIDL,bnb,"110,733,449.81",0.000096282,2026-07-28
BUIDL,optimism,"26,322,999.56",0.000087517,2026-07-28
BUIDL,arbitrum,"24,515,024.81",0.000087519,2026-07-28
BUIDL,aptos,"16,142,980.43",0.000095737,2026-07-28
BUIDL,polygon,"13,453,091.83",0.000095736,2026-07-28
BUIDL,tempo,0.00,,2026-07-28
BUIDL-I,ethereum,"963,380,129.54",0.000096055,2026-07-27
BUIDL,solana,"654,136,390.96",0.000095232,2026-07-27
BUIDL,avalanche,"632,879,600.68",0.000095239,2026-07-27
BUIDL,ethereum,"194,796,404.62",0.000087016,2026-07-27
BUIDL,bnb,"110,722,844.44",0.000095783,2026-07-27
BUIDL,optimism,"26,320,709.18",0.000087018,2026-07-27
BUIDL,arbitrum,"24,512,891.67",0.000087021,2026-07-27
BUIDL,aptos,"16,141,443.15",0.000095238,2026-07-27
BUIDL,polygon,"13,451,810.71",0.000095237,2026-07-27
BUIDL-I,ethereum,"963,102,521.96",0.000096081,2026-07-26
BUIDL,solana,"653,839,520.59",0.000095258,2026-07-26
BUIDL,avalanche,"634,198,349.92",0.000095265,2026-07-26
BUIDL,ethereum,"194,745,551.50",0.000087042,2026-07-26
BUIDL,bnb,"110,691,028.73",0.000095809,2026-07-26
BUIDL,optimism,"26,313,837.74",0.000087045,2026-07-26
BUIDL,arbitrum,"24,506,492.01",0.000087047,2026-07-26
BUIDL,aptos,"16,136,831.39",0.000095264,2026-07-26
BUIDL,polygon,"13,447,967.38",0.000095263,2026-07-26
BUIDL-I,ethereum,"963,102,521.96",0.000096081,2026-07-25
BUIDL,solana,"653,839,520.59",0.000095258,2026-07-25
BUIDL,avalanche,"634,198,349.92",0.000095265,2026-07-25
BUIDL,ethereum,"194,745,551.50",0.000087042,2026-07-25
BUIDL,bnb,"110,691,028.73",0.000095809,2026-07-25
BUIDL,optimism,"26,313,837.74",0.000087045,2026-07-25
BUIDL,arbitrum,"24,506,492.01",0.000087047,2026-07-25
BUIDL,aptos,"16,136,831.39",0.000095264,2026-07-25
BUIDL,polygon,"13,447,967.38",0.000095263,2026-07-25
BUIDL-I,ethereum,"963,102,521.96",0.000096081,2026-07-24
BUIDL,solana,"653,839,520.59",0.000095258,2026-07-24
BUIDL,avalanche,"634,198,349.92",0.000095265,2026-07-24
BUIDL,ethereum,"194,745,551.50",0.000087042,2026-07-24
BUIDL,bnb,"110,691,028.73",0.000095810,2026-07-24
BUIDL,optimism,"26,313,837.74",0.000087044,2026-07-24
BUIDL,arbitrum,"24,506,492.01",0.000087047,2026-07-24
BUIDL,aptos,"16,136,831.39",0.000095263,2026-07-24
BUIDL,polygon,"13,447,967.38",0.000095263,2026-07-24
BUIDL-I,ethereum,"963,009,993.07",0.000096083,2026-07-23
BUIDL,solana,"638,778,671.17",0.000095259,2026-07-23
BUIDL,avalanche,"630,438,289.95",0.000095267,2026-07-23
BUIDL,ethereum,"194,728,601.55",0.000087044,2026-07-23
BUIDL,bnb,"110,680,424.33",0.000095811,2026-07-23
BUIDL,optimism,"26,311,547.42",0.000087046,2026-07-23
BUIDL,arbitrum,"24,504,358.95",0.000087048,2026-07-23
BUIDL,aptos,"16,135,294.26",0.000095265,2026-07-23
BUIDL,polygon,"13,446,686.39",0.000095264,2026-07-23
BUIDL-I,ethereum,"962,917,959.30",0.000095578,2026-07-22
BUIDL,avalanche,"636,377,986.50",0.000094762,2026-07-22
BUIDL,solana,"552,726,297.58",0.000094755,2026-07-22
BUIDL,ethereum,"194,711,751.41",0.000086539,2026-07-22
BUIDL,bnb,"110,669,876.72",0.000095307,2026-07-22
BUIDL,optimism,"26,309,270.56",0.000086542,2026-07-22
BUIDL,arbitrum,"24,502,238.43",0.000086544,2026-07-22
BUIDL,aptos,"16,133,765.39",0.000094762,2026-07-22
BUIDL,polygon,"13,695,388.60",0.000094760,2026-07-22
BUIDL-I,ethereum,"962,826,388.74",0.000095106,2026-07-21
BUIDL,avalanche,"636,317,988.07",0.000094290,2026-07-21
BUIDL,solana,"550,624,383.06",0.000094283,2026-07-21
BUIDL,ethereum,"195,694,908.54",0.000086067,2026-07-21
BUIDL,bnb,"110,659,382.45",0.000094834,2026-07-21
BUIDL,optimism,"26,307,006.34",0.000086069,2026-07-21
BUIDL,arbitrum,"24,500,129.65",0.000086072,2026-07-21
BUIDL,aptos,"16,132,244.30",0.000094289,2026-07-21
BUIDL,polygon,"13,694,097.41",0.000094288,2026-07-21
BUIDL-I,ethereum,"962,735,753.90",0.000094143,2026-07-20
BUIDL,avalanche,"636,258,607.34",0.000093328,2026-07-20
BUIDL,solana,"547,673,274.18",0.000093320,2026-07-20
BUIDL,ethereum,"195,678,255.54",0.000085104,2026-07-20
BUIDL,bnb,"110,648,995.72",0.000093871,2026-07-20
BUIDL,optimism,"26,304,767.65",0.000085106,2026-07-20
BUIDL,arbitrum,"24,498,044.67",0.000085108,2026-07-20
BUIDL,aptos,"16,130,738.88",0.000093326,2026-07-20
BUIDL,polygon,"13,692,819.53",0.000093325,2026-07-20
BUIDL-I,ethereum,"962,462,586.80",0.000094607,2026-07-19
BUIDL,avalanche,"736,051,500.12",0.000093792,2026-07-19
BUIDL,solana,"547,360,872.70",0.000093783,2026-07-19
BUIDL,ethereum,"195,628,037.07",0.000085568,2026-07-19
BUIDL,bnb,"110,617,690.36",0.000094335,2026-07-19
BUIDL,optimism,"26,298,016.69",0.000085570,2026-07-19
BUIDL,arbitrum,"24,491,757.24",0.000085572,2026-07-19
BUIDL,aptos,"16,126,201.48",0.000093789,2026-07-19
BUIDL,polygon,"13,688,967.96",0.000093789,2026-07-19
BUIDL-I,ethereum,"962,462,586.80",0.000094607,2026-07-18
BUIDL,avalanche,"736,051,500.12",0.000093792,2026-07-18
BUIDL,solana,"547,360,872.70",0.000093783,2026-07-18
BUIDL,ethereum,"195,628,037.07",0.000085568,2026-07-18
BUIDL,bnb,"110,617,690.36",0.000094335,2026-07-18
BUIDL,optimism,"26,298,016.69",0.000085570,2026-07-18
BUIDL,arbitrum,"24,491,757.24",0.000085572,2026-07-18
BUIDL,aptos,"16,126,201.48",0.000093789,2026-07-18
BUIDL,polygon,"13,688,967.96",0.000093789,2026-07-18
BUIDL-I,ethereum,"962,462,586.80",0.000094607,2026-07-17
BUIDL,avalanche,"736,051,500.12",0.000093792,2026-07-17
BUIDL,solana,"547,360,872.70",0.000093783,2026-07-17
BUIDL,ethereum,"195,628,037.07",0.000085568,2026-07-17
BUIDL,bnb,"110,617,690.36",0.000094335,2026-07-17
BUIDL,optimism,"26,298,016.69",0.000085570,2026-07-17
BUIDL,arbitrum,"24,491,757.24",0.000085572,2026-07-17
BUIDL,aptos,"16,126,201.48",0.000093790,2026-07-17
BUIDL,polygon,"13,688,967.96",0.000093788,2026-07-17
BUIDL-I,ethereum,"962,370,839.18",0.000095335,2026-07-16
BUIDL,avalanche,"907,217,729.24",0.000094518,2026-07-16
BUIDL,solana,"361,074,769.27",0.000094512,2026-07-16
BUIDL,ethereum,"191,611,501.76",0.000086296,2026-07-16
BUIDL,bnb,"110,607,175.71",0.000095063,2026-07-16
BUIDL,optimism,"26,295,747.42",0.000086298,2026-07-16
BUIDL,arbitrum,"24,489,643.78",0.000086300,2026-07-16
BUIDL,aptos,"16,124,677.41",0.000094518,2026-07-16
BUIDL,polygon,"13,952,649.21",0.000094516,2026-07-16
BUIDL-I,ethereum,"962,278,581.68",0.000095874,2026-07-15
BUIDL,avalanche,"903,131,879.34",0.000095058,2026-07-15
BUIDL,solana,"360,937,189.84",0.000095051,2026-07-15
BUIDL,ethereum,"191,594,864.63",0.000086835,2026-07-15
BUIDL,bnb,"110,596,601.90",0.000095607,2026-07-15
BUIDL,optimism,"26,293,464.15",0.000086838,2026-07-15
BUIDL,arbitrum,"24,487,517.31",0.000086839,2026-07-15
BUIDL,aptos,"16,123,144.79",0.000095057,2026-07-15
BUIDL,polygon,"13,951,323.04",0.000095056,2026-07-15
BUIDL,avalanche,"903,046,066.47",0.000095026,2026-07-14
BUIDL-I,ethereum,"827,033,975.36",0.000095842,2026-07-14
BUIDL,solana,"635,876,769.46",0.000095019,2026-07-14
BUIDL,bnb,"245,751,374.81",0.000095571,2026-07-14
BUIDL,ethereum,"191,578,234.84",0.000086804,2026-07-14
BUIDL,optimism,"26,291,181.92",0.000086806,2026-07-14
BUIDL,arbitrum,"24,485,391.78",0.000086808,2026-07-14
BUIDL,aptos,"16,121,612.83",0.000095025,2026-07-14
BUIDL,polygon,"13,949,997.45",0.000095024,2026-07-14
BUIDL,avalanche,"902,961,124.91",0.000094070,2026-07-13
BUIDL-I,ethereum,"826,955,508.86",0.000094886,2026-07-13
BUIDL,solana,"630,720,084.04",0.000094063,2026-07-13
BUIDL,bnb,"245,728,125.49",0.000094614,2026-07-13
BUIDL,ethereum,"191,561,789.84",0.000085847,2026-07-13
BUIDL,optimism,"26,288,925.04",0.000085849,2026-07-13
BUIDL,arbitrum,"24,483,289.86",0.000085851,2026-07-13
BUIDL,aptos,"16,120,096.44",0.000094068,2026-07-13
BUIDL,polygon,"13,948,685.33",0.000094068,2026-07-13
BUIDL,avalanche,"902,710,370.93",0.000092593,2026-07-12
BUIDL-I,ethereum,"831,722,422.81",0.000093415,2026-07-12
BUIDL,solana,"630,544,935.66",0.000092591,2026-07-12
BUIDL,bnb,"245,659,481.86",0.000093142,2026-07-12
BUIDL,ethereum,"191,513,312.63",0.000084376,2026-07-12
BUIDL,optimism,"26,282,272.12",0.000084378,2026-07-12
BUIDL,arbitrum,"24,477,093.75",0.000084380,2026-07-12
BUIDL,aptos,"16,115,619.66",0.000092597,2026-07-12
BUIDL,polygon,"13,944,811.64",0.000092596,2026-07-12
BUIDL,avalanche,"902,710,370.93",0.000092593,2026-07-11
BUIDL-I,ethereum,"831,722,422.81",0.000093415,2026-07-11
BUIDL,solana,"630,544,935.66",0.000092591,2026-07-11
BUIDL,bnb,"245,659,481.86",0.000093142,2026-07-11
BUIDL,ethereum,"191,513,312.63",0.000084376,2026-07-11
BUIDL,optimism,"26,282,272.12",0.000084378,2026-07-11
BUIDL,arbitrum,"24,477,093.75",0.000084380,2026-07-11
BUIDL,aptos,"16,115,619.66",0.000092597,2026-07-11
BUIDL,polygon,"13,944,811.64",0.000092596,2026-07-11
BUIDL,avalanche,"902,710,370.93",0.000092593,2026-07-10
BUIDL-I,ethereum,"831,722,422.81",0.000093415,2026-07-10
BUIDL,solana,"630,544,935.66",0.000092591,2026-07-10
BUIDL,bnb,"245,659,481.86",0.000093142,2026-07-10
BUIDL,ethereum,"191,513,312.63",0.000084375,2026-07-10
BUIDL,optimism,"26,282,272.12",0.000084377,2026-07-10
BUIDL,arbitrum,"24,477,093.75",0.000084379,2026-07-10
BUIDL,aptos,"16,115,619.66",0.000092597,2026-07-10
BUIDL,polygon,"13,944,811.64",0.000092596,2026-07-10
BUIDL-I,ethereum,"831,644,780.25",0.000093240,2026-07-09
BUIDL,solana,"630,372,575.52",0.000092417,2026-07-09
BUIDL,avalanche,"402,673,154.67",0.000092423,2026-07-09
BUIDL,bnb,"245,636,746.24",0.000092965,2026-07-09
BUIDL,ethereum,"191,497,188.40",0.000084201,2026-07-09
BUIDL,optimism,"26,280,059.23",0.000084204,2026-07-09
BUIDL,arbitrum,"24,475,032.80",0.000084206,2026-07-09
BUIDL,aptos,"16,114,130.33",0.000092424,2026-07-09
BUIDL,polygon,"13,943,522.96",0.000092422,2026-07-09
BUIDL-I,ethereum,"831,566,060.05",0.000094665,2026-07-08
BUIDL,solana,"630,313,426.27",0.000093841,2026-07-08
BUIDL,avalanche,"402,635,368.56",0.000093847,2026-07-08
BUIDL,ethereum,"191,480,792.87",0.000085625,2026-07-08
BUIDL,bnb,"110,626,304.00",0.000094392,2026-07-08
BUIDL,optimism,"26,277,809.11",0.000085628,2026-07-08
BUIDL,arbitrum,"25,222,872.99",0.000085629,2026-07-08
BUIDL,aptos,"16,112,618.21",0.000093847,2026-07-08
BUIDL,polygon,"13,942,214.55",0.000093846,2026-07-08
BUIDL-I,ethereum,"831,486,757.83",0.000095374,2026-07-07
BUIDL,solana,"630,253,835.13",0.000094551,2026-07-07
BUIDL,avalanche,"402,597,300.16",0.000094557,2026-07-07
BUIDL,ethereum,"191,464,262.80",0.000086335,2026-07-07
BUIDL,bnb,"110,615,784.22",0.000095102,2026-07-07
BUIDL,optimism,"26,275,540.56",0.000086337,2026-07-07
BUIDL,arbitrum,"25,220,695.46",0.000086339,2026-07-07
BUIDL,aptos,"16,111,094.79",0.000094557,2026-07-07
BUIDL,polygon,"13,940,896.35",0.000094556,2026-07-07
BUIDL-I,ethereum,"831,407,325.17",0.000095540,2026-07-06
BUIDL,solana,"630,194,145.03",0.000094717,2026-07-06
BUIDL,avalanche,"402,559,168.54",0.000094723,2026-07-06
BUIDL,ethereum,"191,447,702.40",0.000086501,2026-07-06
BUIDL,bnb,"110,605,247.08",0.000095268,2026-07-06
BUIDL,optimism,"26,273,267.82",0.000086504,2026-07-06
BUIDL,arbitrum,"25,218,513.91",0.000086506,2026-07-06
BUIDL,aptos,"16,109,568.84",0.000094723,2026-07-06
BUIDL,polygon,"13,939,575.97",0.000094722,2026-07-06
BUIDL-I,ethereum,"831,088,988.17",0.000095759,2026-07-05
BUIDL,solana,"629,705,018.35",0.000094936,2026-07-05
BUIDL,avalanche,"402,406,349.10",0.000094941,2026-07-05
BUIDL,ethereum,"186,832,894.88",0.000086720,2026-07-05
BUIDL,bnb,"110,563,018.16",0.000095486,2026-07-05
BUIDL,optimism,"26,264,157.10",0.000086722,2026-07-05
BUIDL,arbitrum,"25,209,768.75",0.000086724,2026-07-05
BUIDL,aptos,"16,103,453.32",0.000094941,2026-07-05
BUIDL,polygon,"13,934,284.24",0.000094941,2026-07-05
BUIDL-I,ethereum,"831,088,988.17",0.000095759,2026-07-04
BUIDL,solana,"629,705,018.35",0.000094936,2026-07-04
BUIDL,avalanche,"402,406,349.10",0.000094941,2026-07-04
BUIDL,ethereum,"186,832,894.88",0.000086720,2026-07-04
BUIDL,bnb,"110,563,018.16",0.000095486,2026-07-04
BUIDL,optimism,"26,264,157.10",0.000086722,2026-07-04
BUIDL,arbitrum,"25,209,768.75",0.000086724,2026-07-04
BUIDL,aptos,"16,103,453.32",0.000094941,2026-07-04
BUIDL,polygon,"13,934,284.24",0.000094941,2026-07-04
BUIDL-I,ethereum,"831,088,988.17",0.000095759,2026-07-03
BUIDL,solana,"629,705,018.35",0.000094936,2026-07-03
BUIDL,avalanche,"402,406,349.10",0.000094941,2026-07-03
BUIDL,ethereum,"186,832,894.88",0.000086720,2026-07-03
BUIDL,bnb,"110,563,018.16",0.000095486,2026-07-03
BUIDL,optimism,"26,264,157.10",0.000086722,2026-07-03
BUIDL,arbitrum,"25,209,768.75",0.000086724,2026-07-03
BUIDL,aptos,"16,103,453.32",0.000094941,2026-07-03
BUIDL,polygon,"13,934,284.24",0.000094941,2026-07-03
BUIDL-I,ethereum,"831,088,988.17",0.000095759,2026-07-02
BUIDL,solana,"629,705,018.35",0.000094936,2026-07-02
BUIDL,avalanche,"402,406,349.10",0.000094941,2026-07-02
BUIDL,ethereum,"186,832,894.88",0.000086720,2026-07-02
BUIDL,bnb,"110,563,018.16",0.000095486,2026-07-02
BUIDL,optimism,"26,264,157.10",0.000086722,2026-07-02
BUIDL,arbitrum,"25,209,768.75",0.000086724,2026-07-02
BUIDL,aptos,"16,103,453.32",0.000094941,2026-07-02
BUIDL,polygon,"13,934,284.24",0.000094939,2026-07-02
BUIDL-I,ethereum,"831,009,291.89",0.000095903,2026-07-01
BUIDL,solana,"629,645,151.68",0.000095080,2026-07-01
BUIDL,avalanche,"402,368,089.53",0.000095086,2026-07-01
BUIDL,ethereum,"186,816,667.25",0.000086864,2026-07-01
BUIDL,bnb,"110,552,445.92",0.000095631,2026-07-01
BUIDL,optimism,"26,261,875.81",0.000086867,2026-07-01
BUIDL,arbitrum,"25,207,578.99",0.000086869,2026-07-01
BUIDL,aptos,"16,101,922.25",0.000095086,2026-07-01
BUIDL,polygon,"13,932,959.43",0.000095084,2026-07-01
BUIDL-I,ethereum,"830,929,379.75",0.000096172,2026-06-30
BUIDL,solana,"629,584,683.20",0.000095348,2026-06-30
BUIDL,avalanche,"402,329,725.78",0.000095354,2026-06-30
BUIDL,ethereum,"186,800,390.77",0.000087133,2026-06-30
BUIDL,bnb,"110,541,845.06",0.000095899,2026-06-30
BUIDL,optimism,"26,259,587.68",0.000087135,2026-06-30
BUIDL,arbitrum,"25,205,382.67",0.000087137,2026-06-30
BUIDL,aptos,"16,100,387.01",0.000095354,2026-06-30
BUIDL,polygon,"13,931,631.00",0.000095353,2026-06-30
BUIDL-I,ethereum,"830,850,155.70",0.000095353,2026-06-29
BUIDL,solana,"636,224,540.89",0.000094530,2026-06-29
BUIDL,avalanche,"402,291,695.13",0.000094535,2026-06-29
BUIDL,ethereum,"187,134,238.45",0.000086314,2026-06-29
BUIDL,bnb,"110,531,335.74",0.000095080,2026-06-29
BUIDL,optimism,"26,257,321.25",0.000086316,2026-06-29
BUIDL,arbitrum,"25,203,207.18",0.000086318,2026-06-29
BUIDL,aptos,"16,098,865.10",0.000094535,2026-06-29
BUIDL,polygon,"13,930,314.11",0.000094534,2026-06-29
BUIDL-I,ethereum,"830,612,681.04",0.000095301,2026-06-28
BUIDL,solana,"636,045,464.02",0.000094478,2026-06-28
BUIDL,avalanche,"402,177,697.05",0.000094484,2026-06-28
BUIDL,ethereum,"187,435,732.68",0.000086262,2026-06-28
BUIDL,bnb,"110,499,833.67",0.000095029,2026-06-28
BUIDL,optimism,"26,250,527.79",0.000086264,2026-06-28
BUIDL,arbitrum,"25,596,582.82",0.000086266,2026-06-28
BUIDL,aptos,"16,094,299.46",0.000094560,2026-06-28
BUIDL,polygon,"13,926,366.71",0.000094483,2026-06-28
BUIDL-I,ethereum,"830,612,681.04",0.000095301,2026-06-27
BUIDL,solana,"636,045,464.02",0.000094478,2026-06-27
BUIDL,avalanche,"402,177,697.05",0.000094484,2026-06-27
BUIDL,ethereum,"187,435,732.68",0.000086262,2026-06-27
BUIDL,bnb,"110,499,833.67",0.000095029,2026-06-27
BUIDL,optimism,"26,250,527.79",0.000086264,2026-06-27
BUIDL,arbitrum,"25,596,582.82",0.000086266,2026-06-27
BUIDL,aptos,"16,094,299.46",0.000094560,2026-06-27
BUIDL,polygon,"13,926,366.71",0.000094483,2026-06-27
BUIDL-I,ethereum,"830,612,681.04",0.000095301,2026-06-26
BUIDL,solana,"636,045,464.02",0.000094478,2026-06-26
BUIDL,avalanche,"402,177,697.05",0.000094484,2026-06-26
BUIDL,ethereum,"187,435,732.68",0.000086262,2026-06-26
BUIDL,bnb,"110,499,833.67",0.000095029,2026-06-26
BUIDL,optimism,"26,250,527.79",0.000086265,2026-06-26
BUIDL,arbitrum,"25,596,582.82",0.000086266,2026-06-26
BUIDL,aptos,"16,094,299.46",0.000094560,2026-06-26
BUIDL,polygon,"13,926,366.71",0.000094483,2026-06-26
BUIDL-I,ethereum,"830,533,152.51",0.000095756,2026-06-25
BUIDL,solana,"615,986,987.14",0.000094932,2026-06-25
BUIDL,avalanche,"428,637,003.10",0.000094938,2026-06-25
BUIDL,ethereum,"187,419,480.24",0.000086717,2026-06-25
BUIDL,aptos,"178,786,625.17",0.000094938,2026-06-25
BUIDL,bnb,"110,489,283.82",0.000095483,2026-06-25
BUIDL,optimism,"26,248,251.57",0.000086719,2026-06-25
BUIDL,arbitrum,"25,594,363.25",0.000086721,2026-06-25
BUIDL,polygon,"13,925,044.69",0.000094938,2026-06-25
BUIDL-I,ethereum,"830,453,891.50",0.000095443,2026-06-24
BUIDL,solana,"615,928,708.58",0.000094619,2026-06-24
BUIDL,avalanche,"428,596,447.16",0.000094625,2026-06-24
BUIDL,ethereum,"187,403,287.81",0.000086404,2026-06-24
BUIDL,aptos,"178,769,709.09",0.000094625,2026-06-24
BUIDL,bnb,"110,478,769.55",0.000095170,2026-06-24
BUIDL,optimism,"26,245,983.76",0.000086406,2026-06-24
BUIDL,arbitrum,"25,592,151.88",0.000086408,2026-06-24
BUIDL,polygon,"13,923,727.16",0.000094625,2026-06-24
BUIDL-I,ethereum,"830,374,739.35",0.000095321,2026-06-23
BUIDL,solana,"572,874,573.07",0.000094498,2026-06-23
BUIDL,avalanche,"428,555,946.90",0.000094504,2026-06-23
BUIDL,ethereum,"181,387,637.30",0.000086282,2026-06-23
BUIDL,aptos,"178,752,816.24",0.000094504,2026-06-23
BUIDL,bnb,"110,468,269.76",0.000095048,2026-06-23
BUIDL,optimism,"26,243,719.32",0.000086285,2026-06-23
BUIDL,arbitrum,"25,589,943.83",0.000086286,2026-06-23
BUIDL,polygon,"13,922,411.45",0.000094503,2026-06-23
BUIDL-I,ethereum,"830,295,724.25",0.000095165,2026-06-22
BUIDL,solana,"574,230,283.03",0.000094342,2026-06-22
BUIDL,avalanche,"428,515,517.32",0.000094348,2026-06-22
BUIDL,ethereum,"181,372,016.44",0.000086126,2026-06-22
BUIDL,aptos,"178,735,953.04",0.000094347,2026-06-22
BUIDL,bnb,"110,457,788.19",0.000094892,2026-06-22
BUIDL,optimism,"26,241,459.19",0.000086128,2026-06-22
BUIDL,arbitrum,"25,587,739.96",0.000086130,2026-06-22
BUIDL,polygon,"13,921,098.04",0.000094346,2026-06-22
BUIDL-I,ethereum,"829,979,210.01",0.000095338,2026-06-21
BUIDL,solana,"573,763,365.71",0.000094515,2026-06-21
BUIDL,avalanche,"444,347,516.64",0.000094521,2026-06-21
BUIDL,ethereum,"181,309,429.24",0.000086299,2026-06-21
BUIDL,aptos,"178,668,401.36",0.000094521,2026-06-21
BUIDL,bnb,"110,415,801.47",0.000095065,2026-06-21
BUIDL,optimism,"26,232,403.67",0.000086301,2026-06-21
BUIDL,arbitrum,"25,578,909.74",0.000086304,2026-06-21
BUIDL,polygon,"13,915,836.79",0.000094519,2026-06-21
BUIDL-I,ethereum,"829,979,210.01",0.000095338,2026-06-20
BUIDL,solana,"573,763,365.71",0.000094515,2026-06-20
BUIDL,avalanche,"444,347,516.64",0.000094521,2026-06-20
BUIDL,ethereum,"181,309,429.24",0.000086299,2026-06-20
BUIDL,aptos,"178,668,401.36",0.000094521,2026-06-20
BUIDL,bnb,"110,415,801.47",0.000095065,2026-06-20
BUIDL,optimism,"26,232,403.67",0.000086301,2026-06-20
BUIDL,arbitrum,"25,578,909.74",0.000086304,2026-06-20
BUIDL,polygon,"13,915,836.79",0.000094519,2026-06-20
BUIDL-I,ethereum,"829,979,210.01",0.000095338,2026-06-19
BUIDL,solana,"573,763,365.71",0.000094515,2026-06-19
BUIDL,avalanche,"444,347,516.64",0.000094521,2026-06-19
BUIDL,ethereum,"181,309,429.24",0.000086299,2026-06-19
BUIDL,aptos,"178,668,401.36",0.000094521,2026-06-19
BUIDL,bnb,"110,415,801.47",0.000095065,2026-06-19
BUIDL,optimism,"26,232,403.67",0.000086301,2026-06-19
BUIDL,arbitrum,"25,578,909.74",0.000086304,2026-06-19
BUIDL,polygon,"13,915,836.79",0.000094519,2026-06-19
BUIDL-I,ethereum,"829,979,210.01",0.000095338,2026-06-18
BUIDL,solana,"573,764,365.71",0.000094515,2026-06-18
BUIDL,avalanche,"444,347,516.64",0.000094521,2026-06-18
BUIDL,ethereum,"181,309,429.24",0.000086299,2026-06-18
BUIDL,aptos,"178,668,401.36",0.000094521,2026-06-18
BUIDL,bnb,"110,415,801.47",0.000095065,2026-06-18
BUIDL,optimism,"26,232,403.67",0.000086301,2026-06-18
BUIDL,arbitrum,"25,578,909.74",0.000086303,2026-06-18
BUIDL,polygon,"13,915,836.79",0.000094520,2026-06-18
BUIDL-I,ethereum,"829,900,034.23",0.000095404,2026-06-17
BUIDL,solana,"573,710,104.21",0.000094580,2026-06-17
BUIDL,avalanche,"444,305,491.56",0.000094586,2026-06-17
BUIDL,ethereum,"181,293,771.96",0.000086364,2026-06-17
BUIDL,aptos,"178,651,503.43",0.000094586,2026-06-17
BUIDL,bnb,"110,405,298.50",0.000095131,2026-06-17
BUIDL,optimism,"26,230,138.25",0.000086367,2026-06-17
BUIDL,arbitrum,"25,576,700.71",0.000086369,2026-06-17
BUIDL,polygon,"13,914,520.66",0.000094586,2026-06-17
BUIDL-I,ethereum,"829,820,770.58",0.000095519,2026-06-16
BUIDL,solana,"573,655,781.31",0.000094696,2026-06-16
BUIDL,avalanche,"444,263,418.92",0.000094702,2026-06-16
BUIDL,ethereum,"181,278,095.05",0.000086480,2026-06-16
BUIDL,aptos,"178,634,586.38",0.000094702,2026-06-16
BUIDL,bnb,"110,394,783.72",0.000095247,2026-06-16
BUIDL,optimism,"26,227,870.01",0.000086482,2026-06-16
BUIDL,arbitrum,"25,574,488.93",0.000086484,2026-06-16
BUIDL,polygon,"13,913,203.06",0.000094701,2026-06-16
BUIDL-I,ethereum,"829,740,866.53",0.000096300,2026-06-15
BUIDL,solana,"573,600,015.70",0.000095477,2026-06-15
BUIDL,avalanche,"444,221,003.36",0.000095483,2026-06-15
BUIDL,ethereum,"181,262,277.90",0.000087261,2026-06-15
BUIDL,aptos,"178,617,531.45",0.000095483,2026-06-15
BUIDL,bnb,"110,384,183.74",0.000096028,2026-06-15
BUIDL,optimism,"26,225,581.46",0.000087264,2026-06-15
BUIDL,arbitrum,"25,572,257.37",0.000087265,2026-06-15
BUIDL,polygon,"13,911,874.73",0.000095482,2026-06-15
BUIDL-I,ethereum,"829,502,395.39",0.000095829,2026-06-14
BUIDL,solana,"573,436,576.00",0.000095006,2026-06-14
BUIDL,avalanche,"444,094,420.43",0.000095012,2026-06-14
BUIDL,ethereum,"181,215,094.95",0.000086790,2026-06-14
BUIDL,aptos,"178,566,631.38",0.000095016,2026-06-14
BUIDL,bnb,"110,352,549.22",0.000095556,2026-06-14
BUIDL,optimism,"26,218,754.72",0.000086792,2026-06-14
BUIDL,arbitrum,"25,565,600.55",0.000086794,2026-06-14
BUIDL,polygon,"13,907,910.53",0.000095011,2026-06-14
BUIDL-I,ethereum,"829,502,395.39",0.000095829,2026-06-13
BUIDL,solana,"573,436,576.00",0.000095006,2026-06-13
BUIDL,avalanche,"444,094,420.43",0.000095012,2026-06-13
BUIDL,ethereum,"181,215,094.95",0.000086790,2026-06-13
BUIDL,aptos,"178,566,631.38",0.000095016,2026-06-13
BUIDL,bnb,"110,352,549.22",0.000095556,2026-06-13
BUIDL,optimism,"26,218,754.72",0.000086792,2026-06-13
BUIDL,arbitrum,"25,565,600.55",0.000086794,2026-06-13
BUIDL,polygon,"13,907,910.53",0.000095011,2026-06-13
BUIDL-I,ethereum,"829,502,395.39",0.000095829,2026-06-12
BUIDL,solana,"573,436,576.00",0.000095006,2026-06-12
BUIDL,avalanche,"444,094,420.43",0.000095012,2026-06-12
BUIDL,ethereum,"181,215,094.95",0.000086790,2026-06-12
BUIDL,aptos,"178,566,631.38",0.000095016,2026-06-12
BUIDL,bnb,"110,352,549.22",0.000095556,2026-06-12
BUIDL,optimism,"26,218,754.72",0.000086792,2026-06-12
BUIDL,arbitrum,"25,565,600.55",0.000086794,2026-06-12
BUIDL,polygon,"13,907,910.53",0.000095011,2026-06-12
BUIDL-I,ethereum,"829,423,459.99",0.000095169,2026-06-11
BUIDL,solana,"573,382,480.23",0.000094345,2026-06-11
BUIDL,avalanche,"444,052,523.63",0.000094351,2026-06-11
BUIDL,aptos,"278,540,350.82",0.000094351,2026-06-11
BUIDL,ethereum,"181,199,488.24",0.000086130,2026-06-11
BUIDL,bnb,"110,342,078.19",0.000094896,2026-06-11
BUIDL,optimism,"26,216,496.64",0.000086132,2026-06-11
BUIDL,arbitrum,"25,563,398.67",0.000086134,2026-06-11
BUIDL,polygon,"13,906,598.45",0.000094349,2026-06-11
BUIDL-I,ethereum,"829,344,779.22",0.000094871,2026-06-10
BUIDL,solana,"571,921,240.19",0.000094048,2026-06-10
BUIDL,avalanche,"444,010,762.64",0.000094054,2026-06-10
BUIDL,aptos,"258,116,074.23",0.000094053,2026-06-10
BUIDL,ethereum,"181,183,936.87",0.000085832,2026-06-10
BUIDL,bnb,"110,331,640.93",0.000094599,2026-06-10
BUIDL,optimism,"26,214,246.54",0.000085835,2026-06-10
BUIDL,arbitrum,"25,561,204.60",0.000085836,2026-06-10
BUIDL,polygon,"14,185,264.29",0.000094053,2026-06-10
BUIDL-I,ethereum,"829,265,767.60",0.000095279,2026-06-09
BUIDL,solana,"571,867,223.90",0.000094456,2026-06-09
BUIDL,avalanche,"443,968,824.45",0.000094462,2026-06-09
BUIDL,aptos,"242,093,205.62",0.000094462,2026-06-09
BUIDL,ethereum,"181,168,312.92",0.000086240,2026-06-09
BUIDL,bnb,"110,321,159.75",0.000095006,2026-06-09
BUIDL,optimism,"26,211,985.97",0.000086242,2026-06-09
BUIDL,arbitrum,"25,559,000.29",0.000086244,2026-06-09
BUIDL,polygon,"14,183,924.48",0.000094460,2026-06-09
BUIDL-I,ethereum,"829,186,545.46",0.000095542,2026-06-08
BUIDL,solana,"571,813,062.34",0.000094719,2026-06-08
BUIDL,avalanche,"474,923,837.75",0.000094724,2026-06-08
BUIDL,aptos,"242,070,275.51",0.000094725,2026-06-08
BUIDL,ethereum,"178,652,858.91",0.000086503,2026-06-08
BUIDL,bnb,"110,310,650.46",0.000095270,2026-06-08
BUIDL,optimism,"26,209,718.67",0.000086506,2026-06-08
BUIDL,arbitrum,"25,556,789.45",0.000086507,2026-06-08
BUIDL,polygon,"14,182,581.05",0.000094724,2026-06-08
BUIDL-I,ethereum,"828,949,106.26",0.000095478,2026-06-07
BUIDL,solana,"571,650,733.54",0.000094655,2026-06-07
BUIDL,avalanche,"409,807,460.61",0.000094660,2026-06-07
BUIDL,aptos,"242,001,551.90",0.000094660,2026-06-07
BUIDL,ethereum,"178,606,543.20",0.000086439,2026-06-07
BUIDL,bnb,"110,279,153.07",0.000095205,2026-06-07
BUIDL,optimism,"26,202,923.64",0.000086441,2026-06-07
BUIDL,arbitrum,"25,550,163.56",0.000086443,2026-06-07
BUIDL,polygon,"14,178,554.69",0.000094659,2026-06-07
BUIDL-I,ethereum,"828,949,106.26",0.000095478,2026-06-06
BUIDL,solana,"571,650,733.54",0.000094655,2026-06-06
BUIDL,avalanche,"409,807,460.61",0.000094660,2026-06-06
BUIDL,aptos,"242,001,551.90",0.000094660,2026-06-06
BUIDL,ethereum,"178,606,543.20",0.000086439,2026-06-06
BUIDL,bnb,"110,279,153.07",0.000095205,2026-06-06
BUIDL,optimism,"26,202,923.64",0.000086441,2026-06-06
BUIDL,arbitrum,"25,550,163.56",0.000086443,2026-06-06
BUIDL,polygon,"14,178,554.69",0.000094659,2026-06-06
BUIDL-I,ethereum,"828,949,106.26",0.000095478,2026-06-05
BUIDL,solana,"571,650,733.54",0.000094655,2026-06-05
BUIDL,avalanche,"409,807,460.61",0.000094660,2026-06-05
BUIDL,aptos,"242,001,551.90",0.000094660,2026-06-05
BUIDL,ethereum,"178,606,543.20",0.000086439,2026-06-05
BUIDL,bnb,"110,279,153.07",0.000095205,2026-06-05
BUIDL,optimism,"26,202,923.64",0.000086441,2026-06-05
BUIDL,arbitrum,"25,550,163.56",0.000086443,2026-06-05
BUIDL,polygon,"14,178,554.69",0.000094659,2026-06-05
BUIDL-I,ethereum,"828,869,160.35",0.000095302,2026-06-04
BUIDL,solana,"571,596,729.65",0.000094479,2026-06-04
BUIDL,avalanche,"409,768,743.60",0.000094485,2026-06-04
BUIDL,aptos,"241,978,688.54",0.000094485,2026-06-04
BUIDL,ethereum,"178,591,137.37",0.000086263,2026-06-04
BUIDL,bnb,"110,268,674.24",0.000095030,2026-06-04
BUIDL,optimism,"26,200,663.41",0.000086266,2026-06-04
BUIDL,arbitrum,"25,547,959.59",0.000086268,2026-06-04
BUIDL,polygon,"14,177,215.17",0.000094484,2026-06-04
BUIDL-I,ethereum,"838,789,220.38",0.000095304,2026-06-03
BUIDL,solana,"571,542,729.72",0.000094481,2026-06-03
BUIDL,avalanche,"409,730,029.43",0.000094487,2026-06-03
BUIDL,aptos,"241,955,826.86",0.000094487,2026-06-03
BUIDL,ethereum,"178,575,732.51",0.000086265,2026-06-03
BUIDL,bnb,"110,258,196.19",0.000095032,2026-06-03
BUIDL,optimism,"26,198,403.35",0.000086267,2026-06-03
BUIDL,arbitrum,"25,545,755.76",0.000086270,2026-06-03
BUIDL,polygon,"14,175,875.73",0.000094487,2026-06-03
BUIDL-I,ethereum,"838,709,113.60",0.000095512,2026-06-02
BUIDL,solana,"571,488,616.03",0.000094689,2026-06-02
BUIDL,avalanche,"414,390,789.10",0.000094694,2026-06-02
BUIDL,aptos,"241,932,917.02",0.000094695,2026-06-02
BUIDL,ethereum,"178,560,291.85",0.000086473,2026-06-02
BUIDL,bnb,"110,247,696.31",0.000095239,2026-06-02
BUIDL,optimism,"26,196,138.04",0.000086475,2026-06-02
BUIDL,arbitrum,"25,543,546.83",0.000086477,2026-06-02
BUIDL,polygon,"14,174,533.49",0.000094694,2026-06-02
BUIDL-I,ethereum,"838,628,735.23",0.000095845,2026-06-01
BUIDL,solana,"617,399,949.45",0.000095022,2026-06-01
BUIDL,avalanche,"376,355,024.84",0.000095028,2026-06-01
BUIDL,aptos,"241,909,928.81",0.000095028,2026-06-01
BUIDL,ethereum,"178,544,792.91",0.000086807,2026-06-01
BUIDL,bnb,"110,237,160.61",0.000095573,2026-06-01
BUIDL,optimism,"26,193,864.20",0.000086808,2026-06-01
BUIDL,arbitrum,"25,541,329.56",0.000086811,2026-06-01
BUIDL,polygon,"14,173,186.66",0.000095027,2026-06-01
BUIDL-I,ethereum,"838,388,355.88",0.000095572,2026-05-31
BUIDL,solana,"617,224,505.25",0.000094749,2026-05-31
BUIDL,avalanche,"386,245,228.83",0.000094755,2026-05-31
BUIDL,aptos,"241,841,181.83",0.000094755,2026-05-31
BUIDL,ethereum,"178,498,454.91",0.000086533,2026-05-31
BUIDL,bnb,"110,205,652.81",0.000095300,2026-05-31
BUIDL,optimism,"26,187,065.90",0.000086535,2026-05-31
BUIDL,arbitrum,"25,534,700.44",0.000086537,2026-05-31
BUIDL,polygon,"14,169,158.89",0.000094754,2026-05-31
BUIDL-I,ethereum,"838,388,355.88",0.000095572,2026-05-30
BUIDL,solana,"617,224,505.25",0.000094749,2026-05-30
BUIDL,avalanche,"386,245,228.83",0.000094755,2026-05-30
BUIDL,aptos,"241,841,181.83",0.000094755,2026-05-30
BUIDL,ethereum,"178,498,454.91",0.000086533,2026-05-30
BUIDL,bnb,"110,205,652.81",0.000095300,2026-05-30
BUIDL,optimism,"26,187,065.90",0.000086535,2026-05-30
BUIDL,arbitrum,"25,534,700.44",0.000086537,2026-05-30
BUIDL,polygon,"14,169,158.89",0.000094754,2026-05-30
BUIDL-I,ethereum,"838,388,355.88",0.000095572,2026-05-29
BUIDL,solana,"617,224,505.25",0.000094749,2026-05-29
BUIDL,avalanche,"386,245,228.83",0.000094755,2026-05-29
BUIDL,aptos,"241,841,181.83",0.000094755,2026-05-29
BUIDL,ethereum,"178,498,454.91",0.000086533,2026-05-29
BUIDL,bnb,"110,205,652.81",0.000095300,2026-05-29
BUIDL,optimism,"26,187,065.90",0.000086535,2026-05-29
BUIDL,arbitrum,"25,534,700.44",0.000086538,2026-05-29
BUIDL,polygon,"14,169,158.89",0.000094754,2026-05-29